"licenseId","name","reference","active"
"0BSD","BSD Zero Clause License","https://spdx.org/licenses/0BSD.html","true"
"AAL","Attribution Assurance License","https://spdx.org/licenses/AAL.html","true"
"Abstyles","Abstyles License","https://spdx.org/licenses/Abstyles.html","true"
"AdaCore-doc","AdaCore Doc License","https://spdx.org/licenses/AdaCore-doc.html","true"
"Adobe-2006","Adobe Systems Incorporated Source Code License Agreement","https://spdx.org/licenses/Adobe-2006.html","true"
"Adobe-Glyph","Adobe Glyph List License","https://spdx.org/licenses/Adobe-Glyph.html","true"
"ADSL","Amazon Digital Services License","https://spdx.org/licenses/ADSL.html","true"
"AFL-1.1","Academic Free License v1.1","https://spdx.org/licenses/AFL-1.1.html","true"
"AFL-1.2","Academic Free License v1.2","https://spdx.org/licenses/AFL-1.2.html","true"
"AFL-2.0","Academic Free License v2.0","https://spdx.org/licenses/AFL-2.0.html","true"
"AFL-2.1","Academic Free License v2.1","https://spdx.org/licenses/AFL-2.1.html","true"
"AFL-3.0","Academic Free License v3.0","https://spdx.org/licenses/AFL-3.0.html","true"
"Afmparse","Afmparse License","https://spdx.org/licenses/Afmparse.html","true"
"AGPL-1.0","Affero General Public License v1.0","https://spdx.org/licenses/AGPL-1.0.html","false"
"AGPL-1.0-only","Affero General Public License v1.0 only","https://spdx.org/licenses/AGPL-1.0-only.html","true"
"AGPL-1.0-or-later","Affero General Public License v1.0 or later","https://spdx.org/licenses/AGPL-1.0-or-later.html","true"
"AGPL-3.0","GNU Affero General Public License v3.0","https://spdx.org/licenses/AGPL-3.0.html","false"
"AGPL-3.0-only","GNU Affero General Public License v3.0 only","https://spdx.org/licenses/AGPL-3.0-only.html","true"
"AGPL-3.0-or-later","GNU Affero General Public License v3.0 or later","https://spdx.org/licenses/AGPL-3.0-or-later.html","true"
"Aladdin","Aladdin Free Public License","https://spdx.org/licenses/Aladdin.html","true"
"AMDPLPA","AMD's plpa_map.c License","https://spdx.org/licenses/AMDPLPA.html","true"
"AML","Apple MIT License","https://spdx.org/licenses/AML.html","true"
"AMPAS","Academy of Motion Picture Arts and Sciences BSD","https://spdx.org/licenses/AMPAS.html","true"
"ANTLR-PD","ANTLR Software Rights Notice","https://spdx.org/licenses/ANTLR-PD.html","true"
"ANTLR-PD-fallback","ANTLR Software Rights Notice with license fallback","https://spdx.org/licenses/ANTLR-PD-fallback.html","true"
"Apache-1.0","Apache License 1.0","https://spdx.org/licenses/Apache-1.0.html","true"
"Apache-1.1","Apache License 1.1","https://spdx.org/licenses/Apache-1.1.html","true"
"Apache-2.0","Apache License 2.0","https://spdx.org/licenses/Apache-2.0.html","true"
"APAFML","Adobe Postscript AFM License","https://spdx.org/licenses/APAFML.html","true"
"APL-1.0","Adaptive Public License 1.0","https://spdx.org/licenses/APL-1.0.html","true"
"App-s2p","App::s2p License","https://spdx.org/licenses/App-s2p.html","true"
"APSL-1.0","Apple Public Source License 1.0","https://spdx.org/licenses/APSL-1.0.html","true"
"APSL-1.1","Apple Public Source License 1.1","https://spdx.org/licenses/APSL-1.1.html","true"
"APSL-1.2","Apple Public Source License 1.2","https://spdx.org/licenses/APSL-1.2.html","true"
"APSL-2.0","Apple Public Source License 2.0","https://spdx.org/licenses/APSL-2.0.html","true"
"Arphic-1999","Arphic Public License","https://spdx.org/licenses/Arphic-1999.html","true"
"Artistic-1.0","Artistic License 1.0","https://spdx.org/licenses/Artistic-1.0.html","true"
"Artistic-1.0-cl8","Artistic License 1.0 w/clause 8","https://spdx.org/licenses/Artistic-1.0-cl8.html","true"
"Artistic-1.0-Perl","Artistic License 1.0 (Perl)","https://spdx.org/licenses/Artistic-1.0-Perl.html","true"
"Artistic-2.0","Artistic License 2.0","https://spdx.org/licenses/Artistic-2.0.html","true"
"ASWF-Digital-Assets-1.0","ASWF Digital Assets License version 1.0","https://spdx.org/licenses/ASWF-Digital-Assets-1.0.html","true"
"ASWF-Digital-Assets-1.1","ASWF Digital Assets License 1.1","https://spdx.org/licenses/ASWF-Digital-Assets-1.1.html","true"
"Baekmuk","Baekmuk License","https://spdx.org/licenses/Baekmuk.html","true"
"Bahyph","Bahyph License","https://spdx.org/licenses/Bahyph.html","true"
"Barr","Barr License","https://spdx.org/licenses/Barr.html","true"
"Beerware","Beerware License","https://spdx.org/licenses/Beerware.html","true"
"Bitstream-Charter","Bitstream Charter Font License","https://spdx.org/licenses/Bitstream-Charter.html","true"
"Bitstream-Vera","Bitstream Vera Font License","https://spdx.org/licenses/Bitstream-Vera.html","true"
"BitTorrent-1.0","BitTorrent Open Source License v1.0","https://spdx.org/licenses/BitTorrent-1.0.html","true"
"BitTorrent-1.1","BitTorrent Open Source License v1.1","https://spdx.org/licenses/BitTorrent-1.1.html","true"
"blessing","SQLite Blessing","https://spdx.org/licenses/blessing.html","true"
"BlueOak-1.0.0","Blue Oak Model License 1.0.0","https://spdx.org/licenses/BlueOak-1.0.0.html","true"
"Boehm-GC","Boehm-Demers-Weiser GC License","https://spdx.org/licenses/Boehm-GC.html","true"
"Borceux","Borceux license","https://spdx.org/licenses/Borceux.html","true"
"Brian-Gladman-3-Clause","Brian Gladman 3-Clause License","https://spdx.org/licenses/Brian-Gladman-3-Clause.html","true"
"BSD-1-Clause","BSD 1-Clause License","https://spdx.org/licenses/BSD-1-Clause.html","true"
"BSD-2-Clause","BSD 2-Clause ""Simplified"" License","https://spdx.org/licenses/BSD-2-Clause.html","true"
"BSD-2-Clause-FreeBSD","BSD 2-Clause FreeBSD License","https://spdx.org/licenses/BSD-2-Clause-FreeBSD.html","false"
"BSD-2-Clause-NetBSD","BSD 2-Clause NetBSD License","https://spdx.org/licenses/BSD-2-Clause-NetBSD.html","false"
"BSD-2-Clause-Patent","BSD-2-Clause Plus Patent License","https://spdx.org/licenses/BSD-2-Clause-Patent.html","true"
"BSD-2-Clause-Views","BSD 2-Clause with views sentence","https://spdx.org/licenses/BSD-2-Clause-Views.html","true"
"BSD-3-Clause","BSD 3-Clause ""New"" or ""Revised"" License","https://spdx.org/licenses/BSD-3-Clause.html","true"
"BSD-3-Clause-Attribution","BSD with attribution","https://spdx.org/licenses/BSD-3-Clause-Attribution.html","true"
"BSD-3-Clause-Clear","BSD 3-Clause Clear License","https://spdx.org/licenses/BSD-3-Clause-Clear.html","true"
"BSD-3-Clause-LBNL","Lawrence Berkeley National Labs BSD variant license","https://spdx.org/licenses/BSD-3-Clause-LBNL.html","true"
"BSD-3-Clause-Modification","BSD 3-Clause Modification","https://spdx.org/licenses/BSD-3-Clause-Modification.html","true"
"BSD-3-Clause-No-Military-License","BSD 3-Clause No Military License","https://spdx.org/licenses/BSD-3-Clause-No-Military-License.html","true"
"BSD-3-Clause-No-Nuclear-License","BSD 3-Clause No Nuclear License","https://spdx.org/licenses/BSD-3-Clause-No-Nuclear-License.html","true"
"BSD-3-Clause-No-Nuclear-License-2014","BSD 3-Clause No Nuclear License 2014","https://spdx.org/licenses/BSD-3-Clause-No-Nuclear-License-2014.html","true"
"BSD-3-Clause-No-Nuclear-Warranty","BSD 3-Clause No Nuclear Warranty","https://spdx.org/licenses/BSD-3-Clause-No-Nuclear-Warranty.html","true"
"BSD-3-Clause-Open-MPI","BSD 3-Clause Open MPI variant","https://spdx.org/licenses/BSD-3-Clause-Open-MPI.html","true"
"BSD-4-Clause","BSD 4-Clause ""Original"" or ""Old"" License","https://spdx.org/licenses/BSD-4-Clause.html","true"
"BSD-4-Clause-Shortened","BSD 4 Clause Shortened","https://spdx.org/licenses/BSD-4-Clause-Shortened.html","true"
"BSD-4-Clause-UC","BSD-4-Clause (University of California-Specific)","https://spdx.org/licenses/BSD-4-Clause-UC.html","true"
"BSD-4.3RENO","BSD 4.3 RENO License","https://spdx.org/licenses/BSD-4.3RENO.html","true"
"BSD-4.3TAHOE","BSD 4.3 TAHOE License","https://spdx.org/licenses/BSD-4.3TAHOE.html","true"
"BSD-Advertising-Acknowledgement","BSD Advertising Acknowledgement License","https://spdx.org/licenses/BSD-Advertising-Acknowledgement.html","true"
"BSD-Attribution-HPND-disclaimer","BSD with Attribution and HPND disclaimer","https://spdx.org/licenses/BSD-Attribution-HPND-disclaimer.html","true"
"BSD-Protection","BSD Protection License","https://spdx.org/licenses/BSD-Protection.html","true"
"BSD-Source-Code","BSD Source Code Attribution","https://spdx.org/licenses/BSD-Source-Code.html","true"
"BSL-1.0","Boost Software License 1.0","https://spdx.org/licenses/BSL-1.0.html","true"
"BUSL-1.1","Business Source License 1.1","https://spdx.org/licenses/BUSL-1.1.html","true"
"bzip2-1.0.5","bzip2 and libbzip2 License v1.0.5","https://spdx.org/licenses/bzip2-1.0.5.html","false"
"bzip2-1.0.6","bzip2 and libbzip2 License v1.0.6","https://spdx.org/licenses/bzip2-1.0.6.html","true"
"C-UDA-1.0","Computational Use of Data Agreement v1.0","https://spdx.org/licenses/C-UDA-1.0.html","true"
"CAL-1.0","Cryptographic Autonomy License 1.0","https://spdx.org/licenses/CAL-1.0.html","true"
"CAL-1.0-Combined-Work-Exception","Cryptographic Autonomy License 1.0 (Combined Work Exception)","https://spdx.org/licenses/CAL-1.0-Combined-Work-Exception.html","true"
"Caldera","Caldera License","https://spdx.org/licenses/Caldera.html","true"
"CATOSL-1.1","Computer Associates Trusted Open Source License 1.1","https://spdx.org/licenses/CATOSL-1.1.html","true"
"CC-BY-1.0","Creative Commons Attribution 1.0 Generic","https://spdx.org/licenses/CC-BY-1.0.html","true"
"CC-BY-2.0","Creative Commons Attribution 2.0 Generic","https://spdx.org/licenses/CC-BY-2.0.html","true"
"CC-BY-2.5","Creative Commons Attribution 2.5 Generic","https://spdx.org/licenses/CC-BY-2.5.html","true"
"CC-BY-2.5-AU","Creative Commons Attribution 2.5 Australia","https://spdx.org/licenses/CC-BY-2.5-AU.html","true"
"CC-BY-3.0","Creative Commons Attribution 3.0 Unported","https://spdx.org/licenses/CC-BY-3.0.html","true"
"CC-BY-3.0-AT","Creative Commons Attribution 3.0 Austria","https://spdx.org/licenses/CC-BY-3.0-AT.html","true"
"CC-BY-3.0-DE","Creative Commons Attribution 3.0 Germany","https://spdx.org/licenses/CC-BY-3.0-DE.html","true"
"CC-BY-3.0-IGO","Creative Commons Attribution 3.0 IGO","https://spdx.org/licenses/CC-BY-3.0-IGO.html","true"
"CC-BY-3.0-NL","Creative Commons Attribution 3.0 Netherlands","https://spdx.org/licenses/CC-BY-3.0-NL.html","true"
"CC-BY-3.0-US","Creative Commons Attribution 3.0 United States","https://spdx.org/licenses/CC-BY-3.0-US.html","true"
"CC-BY-4.0","Creative Commons Attribution 4.0 International","https://spdx.org/licenses/CC-BY-4.0.html","true"
"CC-BY-NC-1.0","Creative Commons Attribution Non Commercial 1.0 Generic","https://spdx.org/licenses/CC-BY-NC-1.0.html","true"
"CC-BY-NC-2.0","Creative Commons Attribution Non Commercial 2.0 Generic","https://spdx.org/licenses/CC-BY-NC-2.0.html","true"
"CC-BY-NC-2.5","Creative Commons Attribution Non Commercial 2.5 Generic","https://spdx.org/licenses/CC-BY-NC-2.5.html","true"
"CC-BY-NC-3.0","Creative Commons Attribution Non Commercial 3.0 Unported","https://spdx.org/licenses/CC-BY-NC-3.0.html","true"
"CC-BY-NC-3.0-DE","Creative Commons Attribution Non Commercial 3.0 Germany","https://spdx.org/licenses/CC-BY-NC-3.0-DE.html","true"
"CC-BY-NC-4.0","Creative Commons Attribution Non Commercial 4.0 International","https://spdx.org/licenses/CC-BY-NC-4.0.html","true"
"CC-BY-NC-ND-1.0","Creative Commons Attribution Non Commercial No Derivatives 1.0 Generic","https://spdx.org/licenses/CC-BY-NC-ND-1.0.html","true"
"CC-BY-NC-ND-2.0","Creative Commons Attribution Non Commercial No Derivatives 2.0 Generic","https://spdx.org/licenses/CC-BY-NC-ND-2.0.html","true"
"CC-BY-NC-ND-2.5","Creative Commons Attribution Non Commercial No Derivatives 2.5 Generic","https://spdx.org/licenses/CC-BY-NC-ND-2.5.html","true"
"CC-BY-NC-ND-3.0","Creative Commons Attribution Non Commercial No Derivatives 3.0 Unported","https://spdx.org/licenses/CC-BY-NC-ND-3.0.html","true"
"CC-BY-NC-ND-3.0-DE","Creative Commons Attribution Non Commercial No Derivatives 3.0 Germany","https://spdx.org/licenses/CC-BY-NC-ND-3.0-DE.html","true"
"CC-BY-NC-ND-3.0-IGO","Creative Commons Attribution Non Commercial No Derivatives 3.0 IGO","https://spdx.org/licenses/CC-BY-NC-ND-3.0-IGO.html","true"
"CC-BY-NC-ND-4.0","Creative Commons Attribution Non Commercial No Derivatives 4.0 International","https://spdx.org/licenses/CC-BY-NC-ND-4.0.html","true"
"CC-BY-NC-SA-1.0","Creative Commons Attribution Non Commercial Share Alike 1.0 Generic","https://spdx.org/licenses/CC-BY-NC-SA-1.0.html","true"
"CC-BY-NC-SA-2.0","Creative Commons Attribution Non Commercial Share Alike 2.0 Generic","https://spdx.org/licenses/CC-BY-NC-SA-2.0.html","true"
"CC-BY-NC-SA-2.0-DE","Creative Commons Attribution Non Commercial Share Alike 2.0 Germany","https://spdx.org/licenses/CC-BY-NC-SA-2.0-DE.html","true"
"CC-BY-NC-SA-2.0-FR","Creative Commons Attribution-NonCommercial-ShareAlike 2.0 France","https://spdx.org/licenses/CC-BY-NC-SA-2.0-FR.html","true"
"CC-BY-NC-SA-2.0-UK","Creative Commons Attribution Non Commercial Share Alike 2.0 England and Wales","https://spdx.org/licenses/CC-BY-NC-SA-2.0-UK.html","true"
"CC-BY-NC-SA-2.5","Creative Commons Attribution Non Commercial Share Alike 2.5 Generic","https://spdx.org/licenses/CC-BY-NC-SA-2.5.html","true"
"CC-BY-NC-SA-3.0","Creative Commons Attribution Non Commercial Share Alike 3.0 Unported","https://spdx.org/licenses/CC-BY-NC-SA-3.0.html","true"
"CC-BY-NC-SA-3.0-DE","Creative Commons Attribution Non Commercial Share Alike 3.0 Germany","https://spdx.org/licenses/CC-BY-NC-SA-3.0-DE.html","true"
"CC-BY-NC-SA-3.0-IGO","Creative Commons Attribution Non Commercial Share Alike 3.0 IGO","https://spdx.org/licenses/CC-BY-NC-SA-3.0-IGO.html","true"
"CC-BY-NC-SA-4.0","Creative Commons Attribution Non Commercial Share Alike 4.0 International","https://spdx.org/licenses/CC-BY-NC-SA-4.0.html","true"
"CC-BY-ND-1.0","Creative Commons Attribution No Derivatives 1.0 Generic","https://spdx.org/licenses/CC-BY-ND-1.0.html","true"
"CC-BY-ND-2.0","Creative Commons Attribution No Derivatives 2.0 Generic","https://spdx.org/licenses/CC-BY-ND-2.0.html","true"
"CC-BY-ND-2.5","Creative Commons Attribution No Derivatives 2.5 Generic","https://spdx.org/licenses/CC-BY-ND-2.5.html","true"
"CC-BY-ND-3.0","Creative Commons Attribution No Derivatives 3.0 Unported","https://spdx.org/licenses/CC-BY-ND-3.0.html","true"
"CC-BY-ND-3.0-DE","Creative Commons Attribution No Derivatives 3.0 Germany","https://spdx.org/licenses/CC-BY-ND-3.0-DE.html","true"
"CC-BY-ND-4.0","Creative Commons Attribution No Derivatives 4.0 International","https://spdx.org/licenses/CC-BY-ND-4.0.html","true"
"CC-BY-SA-1.0","Creative Commons Attribution Share Alike 1.0 Generic","https://spdx.org/licenses/CC-BY-SA-1.0.html","true"
"CC-BY-SA-2.0","Creative Commons Attribution Share Alike 2.0 Generic","https://spdx.org/licenses/CC-BY-SA-2.0.html","true"
"CC-BY-SA-2.0-UK","Creative Commons Attribution Share Alike 2.0 England and Wales","https://spdx.org/licenses/CC-BY-SA-2.0-UK.html","true"
"CC-BY-SA-2.1-JP","Creative Commons Attribution Share Alike 2.1 Japan","https://spdx.org/licenses/CC-BY-SA-2.1-JP.html","true"
"CC-BY-SA-2.5","Creative Commons Attribution Share Alike 2.5 Generic","https://spdx.org/licenses/CC-BY-SA-2.5.html","true"
"CC-BY-SA-3.0","Creative Commons Attribution Share Alike 3.0 Unported","https://spdx.org/licenses/CC-BY-SA-3.0.html","true"
"CC-BY-SA-3.0-AT","Creative Commons Attribution Share Alike 3.0 Austria","https://spdx.org/licenses/CC-BY-SA-3.0-AT.html","true"
"CC-BY-SA-3.0-DE","Creative Commons Attribution Share Alike 3.0 Germany","https://spdx.org/licenses/CC-BY-SA-3.0-DE.html","true"
"CC-BY-SA-3.0-IGO","Creative Commons Attribution-ShareAlike 3.0 IGO","https://spdx.org/licenses/CC-BY-SA-3.0-IGO.html","true"
"CC-BY-SA-4.0","Creative Commons Attribution Share Alike 4.0 International","https://spdx.org/licenses/CC-BY-SA-4.0.html","true"
"CC-PDDC","Creative Commons Public Domain Dedication and Certification","https://spdx.org/licenses/CC-PDDC.html","true"
"CC0-1.0","Creative Commons Zero v1.0 Universal","https://spdx.org/licenses/CC0-1.0.html","true"
"CDDL-1.0","Common Development and Distribution License 1.0","https://spdx.org/licenses/CDDL-1.0.html","true"
"CDDL-1.1","Common Development and Distribution License 1.1","https://spdx.org/licenses/CDDL-1.1.html","true"
"CDL-1.0","Common Documentation License 1.0","https://spdx.org/licenses/CDL-1.0.html","true"
"CDLA-Permissive-1.0","Community Data License Agreement Permissive 1.0","https://spdx.org/licenses/CDLA-Permissive-1.0.html","true"
"CDLA-Permissive-2.0","Community Data License Agreement Permissive 2.0","https://spdx.org/licenses/CDLA-Permissive-2.0.html","true"
"CDLA-Sharing-1.0","Community Data License Agreement Sharing 1.0","https://spdx.org/licenses/CDLA-Sharing-1.0.html","true"
"CECILL-1.0","CeCILL Free Software License Agreement v1.0","https://spdx.org/licenses/CECILL-1.0.html","true"
"CECILL-1.1","CeCILL Free Software License Agreement v1.1","https://spdx.org/licenses/CECILL-1.1.html","true"
"CECILL-2.0","CeCILL Free Software License Agreement v2.0","https://spdx.org/licenses/CECILL-2.0.html","true"
"CECILL-2.1","CeCILL Free Software License Agreement v2.1","https://spdx.org/licenses/CECILL-2.1.html","true"
"CECILL-B","CeCILL-B Free Software License Agreement","https://spdx.org/licenses/CECILL-B.html","true"
"CECILL-C","CeCILL-C Free Software License Agreement","https://spdx.org/licenses/CECILL-C.html","true"
"CERN-OHL-1.1","CERN Open Hardware Licence v1.1","https://spdx.org/licenses/CERN-OHL-1.1.html","true"
"CERN-OHL-1.2","CERN Open Hardware Licence v1.2","https://spdx.org/licenses/CERN-OHL-1.2.html","true"
"CERN-OHL-P-2.0","CERN Open Hardware Licence Version 2 - Permissive","https://spdx.org/licenses/CERN-OHL-P-2.0.html","true"
"CERN-OHL-S-2.0","CERN Open Hardware Licence Version 2 - Strongly Reciprocal","https://spdx.org/licenses/CERN-OHL-S-2.0.html","true"
"CERN-OHL-W-2.0","CERN Open Hardware Licence Version 2 - Weakly Reciprocal","https://spdx.org/licenses/CERN-OHL-W-2.0.html","true"
"CFITSIO","CFITSIO License","https://spdx.org/licenses/CFITSIO.html","true"
"check-cvs","check-cvs License","https://spdx.org/licenses/check-cvs.html","true"
"checkmk","Checkmk License","https://spdx.org/licenses/checkmk.html","true"
"ClArtistic","Clarified Artistic License","https://spdx.org/licenses/ClArtistic.html","true"
"Clips","Clips License","https://spdx.org/licenses/Clips.html","true"
"CMU-Mach","CMU Mach License","https://spdx.org/licenses/CMU-Mach.html","true"
"CNRI-Jython","CNRI Jython License","https://spdx.org/licenses/CNRI-Jython.html","true"
"CNRI-Python","CNRI Python License","https://spdx.org/licenses/CNRI-Python.html","true"
"CNRI-Python-GPL-Compatible","CNRI Python Open Source GPL Compatible License Agreement","https://spdx.org/licenses/CNRI-Python-GPL-Compatible.html","true"
"COIL-1.0","Copyfree Open Innovation License","https://spdx.org/licenses/COIL-1.0.html","true"
"Community-Spec-1.0","Community Specification License 1.0","https://spdx.org/licenses/Community-Spec-1.0.html","true"
"Condor-1.1","Condor Public License v1.1","https://spdx.org/licenses/Condor-1.1.html","true"
"copyleft-next-0.3.0","copyleft-next 0.3.0","https://spdx.org/licenses/copyleft-next-0.3.0.html","true"
"copyleft-next-0.3.1","copyleft-next 0.3.1","https://spdx.org/licenses/copyleft-next-0.3.1.html","true"
"Cornell-Lossless-JPEG","Cornell Lossless JPEG License","https://spdx.org/licenses/Cornell-Lossless-JPEG.html","true"
"CPAL-1.0","Common Public Attribution License 1.0","https://spdx.org/licenses/CPAL-1.0.html","true"
"CPL-1.0","Common Public License 1.0","https://spdx.org/licenses/CPL-1.0.html","true"
"CPOL-1.02","Code Project Open License 1.02","https://spdx.org/licenses/CPOL-1.02.html","true"
"Crossword","Crossword License","https://spdx.org/licenses/Crossword.html","true"
"CrystalStacker","CrystalStacker License","https://spdx.org/licenses/CrystalStacker.html","true"
"CUA-OPL-1.0","CUA Office Public License v1.0","https://spdx.org/licenses/CUA-OPL-1.0.html","true"
"Cube","Cube License","https://spdx.org/licenses/Cube.html","true"
"curl","curl License","https://spdx.org/licenses/curl.html","true"
"D-FSL-1.0","Deutsche Freie Software Lizenz","https://spdx.org/licenses/D-FSL-1.0.html","true"
"diffmark","diffmark license","https://spdx.org/licenses/diffmark.html","true"
"DL-DE-BY-2.0","Data licence Germany – attribution – version 2.0","https://spdx.org/licenses/DL-DE-BY-2.0.html","true"
"DOC","DOC License","https://spdx.org/licenses/DOC.html","true"
"Dotseqn","Dotseqn License","https://spdx.org/licenses/Dotseqn.html","true"
"DRL-1.0","Detection Rule License 1.0","https://spdx.org/licenses/DRL-1.0.html","true"
"DSDP","DSDP License","https://spdx.org/licenses/DSDP.html","true"
"dtoa","David M. Gay dtoa License","https://spdx.org/licenses/dtoa.html","true"
"dvipdfm","dvipdfm License","https://spdx.org/licenses/dvipdfm.html","true"
"ECL-1.0","Educational Community License v1.0","https://spdx.org/licenses/ECL-1.0.html","true"
"ECL-2.0","Educational Community License v2.0","https://spdx.org/licenses/ECL-2.0.html","true"
"eCos-2.0","eCos license version 2.0","https://spdx.org/licenses/eCos-2.0.html","false"
"EFL-1.0","Eiffel Forum License v1.0","https://spdx.org/licenses/EFL-1.0.html","true"
"EFL-2.0","Eiffel Forum License v2.0","https://spdx.org/licenses/EFL-2.0.html","true"
"eGenix","eGenix.com Public License 1.1.0","https://spdx.org/licenses/eGenix.html","true"
"Elastic-2.0","Elastic License 2.0","https://spdx.org/licenses/Elastic-2.0.html","true"
"Entessa","Entessa Public License v1.0","https://spdx.org/licenses/Entessa.html","true"
"EPICS","EPICS Open License","https://spdx.org/licenses/EPICS.html","true"
"EPL-1.0","Eclipse Public License 1.0","https://spdx.org/licenses/EPL-1.0.html","true"
"EPL-2.0","Eclipse Public License 2.0","https://spdx.org/licenses/EPL-2.0.html","true"
"ErlPL-1.1","Erlang Public License v1.1","https://spdx.org/licenses/ErlPL-1.1.html","true"
"etalab-2.0","Etalab Open License 2.0","https://spdx.org/licenses/etalab-2.0.html","true"
"EUDatagrid","EU DataGrid Software License","https://spdx.org/licenses/EUDatagrid.html","true"
"EUPL-1.0","European Union Public License 1.0","https://spdx.org/licenses/EUPL-1.0.html","true"
"EUPL-1.1","European Union Public License 1.1","https://spdx.org/licenses/EUPL-1.1.html","true"
"EUPL-1.2","European Union Public License 1.2","https://spdx.org/licenses/EUPL-1.2.html","true"
"Eurosym","Eurosym License","https://spdx.org/licenses/Eurosym.html","true"
"Fair","Fair License","https://spdx.org/licenses/Fair.html","true"
"FDK-AAC","Fraunhofer FDK AAC Codec Library","https://spdx.org/licenses/FDK-AAC.html","true"
"Frameworx-1.0","Frameworx Open License 1.0","https://spdx.org/licenses/Frameworx-1.0.html","true"
"FreeBSD-DOC","FreeBSD Documentation License","https://spdx.org/licenses/FreeBSD-DOC.html","true"
"FreeImage","FreeImage Public License v1.0","https://spdx.org/licenses/FreeImage.html","true"
"FSFAP","FSF All Permissive License","https://spdx.org/licenses/FSFAP.html","true"
"FSFUL","FSF Unlimited License","https://spdx.org/licenses/FSFUL.html","true"
"FSFULLR","FSF Unlimited License (with License Retention)","https://spdx.org/licenses/FSFULLR.html","true"
"FSFULLRWD","FSF Unlimited License (With License Retention and Warranty Disclaimer)","https://spdx.org/licenses/FSFULLRWD.html","true"
"FTL","Freetype Project License","https://spdx.org/licenses/FTL.html","true"
"GD","GD License","https://spdx.org/licenses/GD.html","true"
"GFDL-1.1","GNU Free Documentation License v1.1","https://spdx.org/licenses/GFDL-1.1.html","false"
"GFDL-1.1-invariants-only","GNU Free Documentation License v1.1 only - invariants","https://spdx.org/licenses/GFDL-1.1-invariants-only.html","true"
"GFDL-1.1-invariants-or-later","GNU Free Documentation License v1.1 or later - invariants","https://spdx.org/licenses/GFDL-1.1-invariants-or-later.html","true"
"GFDL-1.1-no-invariants-only","GNU Free Documentation License v1.1 only - no invariants","https://spdx.org/licenses/GFDL-1.1-no-invariants-only.html","true"
"GFDL-1.1-no-invariants-or-later","GNU Free Documentation License v1.1 or later - no invariants","https://spdx.org/licenses/GFDL-1.1-no-invariants-or-later.html","true"
"GFDL-1.1-only","GNU Free Documentation License v1.1 only","https://spdx.org/licenses/GFDL-1.1-only.html","true"
"GFDL-1.1-or-later","GNU Free Documentation License v1.1 or later","https://spdx.org/licenses/GFDL-1.1-or-later.html","true"
"GFDL-1.2","GNU Free Documentation License v1.2","https://spdx.org/licenses/GFDL-1.2.html","false"
"GFDL-1.2-invariants-only","GNU Free Documentation License v1.2 only - invariants","https://spdx.org/licenses/GFDL-1.2-invariants-only.html","true"
"GFDL-1.2-invariants-or-later","GNU Free Documentation License v1.2 or later - invariants","https://spdx.org/licenses/GFDL-1.2-invariants-or-later.html","true"
"GFDL-1.2-no-invariants-only","GNU Free Documentation License v1.2 only - no invariants","https://spdx.org/licenses/GFDL-1.2-no-invariants-only.html","true"
"GFDL-1.2-no-invariants-or-later","GNU Free Documentation License v1.2 or later - no invariants","https://spdx.org/licenses/GFDL-1.2-no-invariants-or-later.html","true"
"GFDL-1.2-only","GNU Free Documentation License v1.2 only","https://spdx.org/licenses/GFDL-1.2-only.html","true"
"GFDL-1.2-or-later","GNU Free Documentation License v1.2 or later","https://spdx.org/licenses/GFDL-1.2-or-later.html","true"
"GFDL-1.3","GNU Free Documentation License v1.3","https://spdx.org/licenses/GFDL-1.3.html","false"
"GFDL-1.3-invariants-only","GNU Free Documentation License v1.3 only - invariants","https://spdx.org/licenses/GFDL-1.3-invariants-only.html","true"
"GFDL-1.3-invariants-or-later","GNU Free Documentation License v1.3 or later - invariants","https://spdx.org/licenses/GFDL-1.3-invariants-or-later.html","true"
"GFDL-1.3-no-invariants-only","GNU Free Documentation License v1.3 only - no invariants","https://spdx.org/licenses/GFDL-1.3-no-invariants-only.html","true"
"GFDL-1.3-no-invariants-or-later","GNU Free Documentation License v1.3 or later - no invariants","https://spdx.org/licenses/GFDL-1.3-no-invariants-or-later.html","true"
"GFDL-1.3-only","GNU Free Documentation License v1.3 only","https://spdx.org/licenses/GFDL-1.3-only.html","true"
"GFDL-1.3-or-later","GNU Free Documentation License v1.3 or later","https://spdx.org/licenses/GFDL-1.3-or-later.html","true"
"Giftware","Giftware License","https://spdx.org/licenses/Giftware.html","true"
"GL2PS","GL2PS License","https://spdx.org/licenses/GL2PS.html","true"
"Glide","3dfx Glide License","https://spdx.org/licenses/Glide.html","true"
"Glulxe","Glulxe License","https://spdx.org/licenses/Glulxe.html","true"
"GLWTPL","Good Luck With That Public License","https://spdx.org/licenses/GLWTPL.html","true"
"GNU-compiler-exception","GNU Compiler Exception","https://spdx.org/licenses/GNU-compiler-exception.html","true"
"gnuplot","gnuplot License","https://spdx.org/licenses/gnuplot.html","true"
"GPL-1.0","GNU General Public License v1.0 only","https://spdx.org/licenses/GPL-1.0.html","false"
"GPL-1.0+","GNU General Public License v1.0 or later","https://spdx.org/licenses/GPL-1.0+.html","false"
"GPL-1.0-only","GNU General Public License v1.0 only","https://spdx.org/licenses/GPL-1.0-only.html","true"
"GPL-1.0-or-later","GNU General Public License v1.0 or later","https://spdx.org/licenses/GPL-1.0-or-later.html","true"
"GPL-2.0","GNU General Public License v2.0 only","https://spdx.org/licenses/GPL-2.0.html","false"
"GPL-2.0+","GNU General Public License v2.0 or later","https://spdx.org/licenses/GPL-2.0+.html","false"
"GPL-2.0-only","GNU General Public License v2.0 only","https://spdx.org/licenses/GPL-2.0-only.html","true"
"GPL-2.0-or-later","GNU General Public License v2.0 or later","https://spdx.org/licenses/GPL-2.0-or-later.html","true"
"GPL-2.0-with-autoconf-exception","GNU General Public License v2.0 w/Autoconf exception","https://spdx.org/licenses/GPL-2.0-with-autoconf-exception.html","false"
"GPL-2.0-with-bison-exception","GNU General Public License v2.0 w/Bison exception","https://spdx.org/licenses/GPL-2.0-with-bison-exception.html","false"
"GPL-2.0-with-classpath-exception","GNU General Public License v2.0 w/Classpath exception","https://spdx.org/licenses/GPL-2.0-with-classpath-exception.html","false"
"GPL-2.0-with-font-exception","GNU General Public License v2.0 w/Font exception","https://spdx.org/licenses/GPL-2.0-with-font-exception.html","false"
"GPL-2.0-with-GCC-exception","GNU General Public License v2.0 w/GCC Runtime Library exception","https://spdx.org/licenses/GPL-2.0-with-GCC-exception.html","false"
"GPL-3.0","GNU General Public License v3.0 only","https://spdx.org/licenses/GPL-3.0.html","false"
"GPL-3.0+","GNU General Public License v3.0 or later","https://spdx.org/licenses/GPL-3.0+.html","false"
"GPL-3.0-only","GNU General Public License v3.0 only","https://spdx.org/licenses/GPL-3.0-only.html","true"
"GPL-3.0-or-later","GNU General Public License v3.0 or later","https://spdx.org/licenses/GPL-3.0-or-later.html","true"
"GPL-3.0-with-autoconf-exception","GNU General Public License v3.0 w/Autoconf exception","https://spdx.org/licenses/GPL-3.0-with-autoconf-exception.html","false"
"GPL-3.0-with-GCC-exception","GNU General Public License v3.0 w/GCC Runtime Library exception","https://spdx.org/licenses/GPL-3.0-with-GCC-exception.html","false"
"Graphics-Gems","Graphics Gems License","https://spdx.org/licenses/Graphics-Gems.html","true"
"gSOAP-1.3b","gSOAP Public License v1.3b","https://spdx.org/licenses/gSOAP-1.3b.html","true"
"HaskellReport","Haskell Language Report License","https://spdx.org/licenses/HaskellReport.html","true"
"Hippocratic-2.1","Hippocratic License 2.1","https://spdx.org/licenses/Hippocratic-2.1.html","true"
"HP-1986","Hewlett-Packard 1986 License","https://spdx.org/licenses/HP-1986.html","true"
"HP-1989","Hewlett-Packard 1989 License","https://spdx.org/licenses/HP-1989.html","true"
"HPND","Historical Permission Notice and Disclaimer","https://spdx.org/licenses/HPND.html","true"
"HPND-export-US","HPND with US Government export control warning","https://spdx.org/licenses/HPND-export-US.html","true"
"HPND-Markus-Kuhn","Historical Permission Notice and Disclaimer - Markus Kuhn variant","https://spdx.org/licenses/HPND-Markus-Kuhn.html","true"
"HPND-sell-variant","Historical Permission Notice and Disclaimer - sell variant","https://spdx.org/licenses/HPND-sell-variant.html","true"
"HPND-sell-variant-MIT-disclaimer","HPND sell variant with MIT disclaimer","https://spdx.org/licenses/HPND-sell-variant-MIT-disclaimer.html","true"
"HTMLTIDY","HTML Tidy License","https://spdx.org/licenses/HTMLTIDY.html","true"
"IBM-pibs","IBM PowerPC Initialization and Boot Software","https://spdx.org/licenses/IBM-pibs.html","true"
"ICU","ICU License","https://spdx.org/licenses/ICU.html","true"
"IEC-Code-Components-EULA","IEC    Code Components End-user licence agreement","https://spdx.org/licenses/IEC-Code-Components-EULA.html","true"
"IJG","Independent JPEG Group License","https://spdx.org/licenses/IJG.html","true"
"IJG-short","Independent JPEG Group License - short","https://spdx.org/licenses/IJG-short.html","true"
"ImageMagick","ImageMagick License","https://spdx.org/licenses/ImageMagick.html","true"
"iMatix","iMatix Standard Function Library Agreement","https://spdx.org/licenses/iMatix.html","true"
"Imlib2","Imlib2 License","https://spdx.org/licenses/Imlib2.html","true"
"Info-ZIP","Info-ZIP License","https://spdx.org/licenses/Info-ZIP.html","true"
"Inner-Net-2.0","Inner Net License v2.0","https://spdx.org/licenses/Inner-Net-2.0.html","true"
"Intel","Intel Open Source License","https://spdx.org/licenses/Intel.html","true"
"Intel-ACPI","Intel ACPI Software License Agreement","https://spdx.org/licenses/Intel-ACPI.html","true"
"Interbase-1.0","Interbase Public License v1.0","https://spdx.org/licenses/Interbase-1.0.html","true"
"IPA","IPA Font License","https://spdx.org/licenses/IPA.html","true"
"IPL-1.0","IBM Public License v1.0","https://spdx.org/licenses/IPL-1.0.html","true"
"ISC","ISC License","https://spdx.org/licenses/ISC.html","true"
"Jam","Jam License","https://spdx.org/licenses/Jam.html","true"
"JasPer-2.0","JasPer License","https://spdx.org/licenses/JasPer-2.0.html","true"
"JPL-image","JPL Image Use Policy","https://spdx.org/licenses/JPL-image.html","true"
"JPNIC","Japan Network Information Center License","https://spdx.org/licenses/JPNIC.html","true"
"JSON","JSON License","https://spdx.org/licenses/JSON.html","true"
"Kazlib","Kazlib License","https://spdx.org/licenses/Kazlib.html","true"
"Knuth-CTAN","Knuth CTAN License","https://spdx.org/licenses/Knuth-CTAN.html","true"
"LAL-1.2","Licence Art Libre 1.2","https://spdx.org/licenses/LAL-1.2.html","true"
"LAL-1.3","Licence Art Libre 1.3","https://spdx.org/licenses/LAL-1.3.html","true"
"Latex2e","Latex2e License","https://spdx.org/licenses/Latex2e.html","true"
"Latex2e-translated-notice","Latex2e with translated notice permission","https://spdx.org/licenses/Latex2e-translated-notice.html","true"
"Leptonica","Leptonica License","https://spdx.org/licenses/Leptonica.html","true"
"LGPL-2.0","GNU Library General Public License v2 only","https://spdx.org/licenses/LGPL-2.0.html","false"
"LGPL-2.0+","GNU Library General Public License v2 or later","https://spdx.org/licenses/LGPL-2.0+.html","false"
"LGPL-2.0-only","GNU Library General Public License v2 only","https://spdx.org/licenses/LGPL-2.0-only.html","true"
"LGPL-2.0-or-later","GNU Library General Public License v2 or later","https://spdx.org/licenses/LGPL-2.0-or-later.html","true"
"LGPL-2.1","GNU Lesser General Public License v2.1 only","https://spdx.org/licenses/LGPL-2.1.html","false"
"LGPL-2.1+","GNU Lesser General Public License v2.1 or later","https://spdx.org/licenses/LGPL-2.1+.html","false"
"LGPL-2.1-only","GNU Lesser General Public License v2.1 only","https://spdx.org/licenses/LGPL-2.1-only.html","true"
"LGPL-2.1-or-later","GNU Lesser General Public License v2.1 or later","https://spdx.org/licenses/LGPL-2.1-or-later.html","true"
"LGPL-3.0","GNU Lesser General Public License v3.0 only","https://spdx.org/licenses/LGPL-3.0.html","false"
"LGPL-3.0+","GNU Lesser General Public License v3.0 or later","https://spdx.org/licenses/LGPL-3.0+.html","false"
"LGPL-3.0-only","GNU Lesser General Public License v3.0 only","https://spdx.org/licenses/LGPL-3.0-only.html","true"
"LGPL-3.0-or-later","GNU Lesser General Public License v3.0 or later","https://spdx.org/licenses/LGPL-3.0-or-later.html","true"
"LGPLLR","Lesser General Public License For Linguistic Resources","https://spdx.org/licenses/LGPLLR.html","true"
"Libpng","libpng License","https://spdx.org/licenses/Libpng.html","true"
"libpng-2.0","PNG Reference Library version 2","https://spdx.org/licenses/libpng-2.0.html","true"
"libselinux-1.0","libselinux public domain notice","https://spdx.org/licenses/libselinux-1.0.html","true"
"libtiff","libtiff License","https://spdx.org/licenses/libtiff.html","true"
"libutil-David-Nugent","libutil David Nugent License","https://spdx.org/licenses/libutil-David-Nugent.html","true"
"LiLiQ-P-1.1","Licence Libre du Québec – Permissive version 1.1","https://spdx.org/licenses/LiLiQ-P-1.1.html","true"
"LiLiQ-R-1.1","Licence Libre du Québec – Réciprocité version 1.1","https://spdx.org/licenses/LiLiQ-R-1.1.html","true"
"LiLiQ-Rplus-1.1","Licence Libre du Québec – Réciprocité forte version 1.1","https://spdx.org/licenses/LiLiQ-Rplus-1.1.html","true"
"Linux-man-pages-1-para","Linux man-pages - 1 paragraph","https://spdx.org/licenses/Linux-man-pages-1-para.html","true"
"Linux-man-pages-copyleft","Linux man-pages Copyleft","https://spdx.org/licenses/Linux-man-pages-copyleft.html","true"
"Linux-man-pages-copyleft-2-para","Linux man-pages Copyleft - 2 paragraphs","https://spdx.org/licenses/Linux-man-pages-copyleft-2-para.html","true"
"Linux-man-pages-copyleft-var","Linux man-pages Copyleft Variant","https://spdx.org/licenses/Linux-man-pages-copyleft-var.html","true"
"Linux-OpenIB","Linux Kernel Variant of OpenIB.org license","https://spdx.org/licenses/Linux-OpenIB.html","true"
"LOOP","Common Lisp LOOP License","https://spdx.org/licenses/LOOP.html","true"
"LPL-1.0","Lucent Public License Version 1.0","https://spdx.org/licenses/LPL-1.0.html","true"
"LPL-1.02","Lucent Public License v1.02","https://spdx.org/licenses/LPL-1.02.html","true"
"LPPL-1.0","LaTeX Project Public License v1.0","https://spdx.org/licenses/LPPL-1.0.html","true"
"LPPL-1.1","LaTeX Project Public License v1.1","https://spdx.org/licenses/LPPL-1.1.html","true"
"LPPL-1.2","LaTeX Project Public License v1.2","https://spdx.org/licenses/LPPL-1.2.html","true"
"LPPL-1.3a","LaTeX Project Public License v1.3a","https://spdx.org/licenses/LPPL-1.3a.html","true"
"LPPL-1.3c","LaTeX Project Public License v1.3c","https://spdx.org/licenses/LPPL-1.3c.html","true"
"LZMA-SDK-9.11-to-9.20","LZMA SDK License (versions 9.11 to 9.20)","https://spdx.org/licenses/LZMA-SDK-9.11-to-9.20.html","true"
"LZMA-SDK-9.22","LZMA SDK License (versions 9.22 and beyond)","https://spdx.org/licenses/LZMA-SDK-9.22.html","true"
"MakeIndex","MakeIndex License","https://spdx.org/licenses/MakeIndex.html","true"
"Martin-Birgmeier","Martin Birgmeier License","https://spdx.org/licenses/Martin-Birgmeier.html","true"
"metamail","metamail License","https://spdx.org/licenses/metamail.html","true"
"Minpack","Minpack License","https://spdx.org/licenses/Minpack.html","true"
"MirOS","The MirOS Licence","https://spdx.org/licenses/MirOS.html","true"
"MIT","MIT License","https://spdx.org/licenses/MIT.html","true"
"MIT-0","MIT No Attribution","https://spdx.org/licenses/MIT-0.html","true"
"MIT-advertising","Enlightenment License (e16)","https://spdx.org/licenses/MIT-advertising.html","true"
"MIT-CMU","CMU License","https://spdx.org/licenses/MIT-CMU.html","true"
"MIT-enna","enna License","https://spdx.org/licenses/MIT-enna.html","true"
"MIT-feh","feh License","https://spdx.org/licenses/MIT-feh.html","true"
"MIT-Festival","MIT Festival Variant","https://spdx.org/licenses/MIT-Festival.html","true"
"MIT-Modern-Variant","MIT License Modern Variant","https://spdx.org/licenses/MIT-Modern-Variant.html","true"
"MIT-open-group","MIT Open Group variant","https://spdx.org/licenses/MIT-open-group.html","true"
"MIT-testregex","MIT testregex Variant","https://spdx.org/licenses/MIT-testregex.html","true"
"MIT-Wu","MIT Tom Wu Variant","https://spdx.org/licenses/MIT-Wu.html","true"
"MITNFA","MIT +no-false-attribs license","https://spdx.org/licenses/MITNFA.html","true"
"MMIXware","MMIXware License","https://spdx.org/licenses/MMIXware.html","true"
"Motosoto","Motosoto License","https://spdx.org/licenses/Motosoto.html","true"
"mpi-permissive","mpi Permissive License","https://spdx.org/licenses/mpi-permissive.html","true"
"mpich2","mpich2 License","https://spdx.org/licenses/mpich2.html","true"
"MPL-1.0","Mozilla Public License 1.0","https://spdx.org/licenses/MPL-1.0.html","true"
"MPL-1.1","Mozilla Public License 1.1","https://spdx.org/licenses/MPL-1.1.html","true"
"MPL-2.0","Mozilla Public License 2.0","https://spdx.org/licenses/MPL-2.0.html","true"
"MPL-2.0-no-copyleft-exception","Mozilla Public License 2.0 (no copyleft exception)","https://spdx.org/licenses/MPL-2.0-no-copyleft-exception.html","true"
"mplus","mplus Font License","https://spdx.org/licenses/mplus.html","true"
"MS-LPL","Microsoft Limited Public License","https://spdx.org/licenses/MS-LPL.html","true"
"MS-PL","Microsoft Public License","https://spdx.org/licenses/MS-PL.html","true"
"MS-RL","Microsoft Reciprocal License","https://spdx.org/licenses/MS-RL.html","true"
"MTLL","Matrix Template Library License","https://spdx.org/licenses/MTLL.html","true"
"MulanPSL-1.0","Mulan Permissive Software License, Version 1","https://spdx.org/licenses/MulanPSL-1.0.html","true"
"MulanPSL-2.0","Mulan Permissive Software License, Version 2","https://spdx.org/licenses/MulanPSL-2.0.html","true"
"Multics","Multics License","https://spdx.org/licenses/Multics.html","true"
"Mup","Mup License","https://spdx.org/licenses/Mup.html","true"
"NAIST-2003","Nara Institute of Science and Technology License (2003)","https://spdx.org/licenses/NAIST-2003.html","true"
"NASA-1.3","NASA Open Source Agreement 1.3","https://spdx.org/licenses/NASA-1.3.html","true"
"Naumen","Naumen Public License","https://spdx.org/licenses/Naumen.html","true"
"NBPL-1.0","Net Boolean Public License v1","https://spdx.org/licenses/NBPL-1.0.html","true"
"NCGL-UK-2.0","Non-Commercial Government Licence","https://spdx.org/licenses/NCGL-UK-2.0.html","true"
"NCSA","University of Illinois/NCSA Open Source License","https://spdx.org/licenses/NCSA.html","true"
"Net-SNMP","Net-SNMP License","https://spdx.org/licenses/Net-SNMP.html","true"
"NetCDF","NetCDF license","https://spdx.org/licenses/NetCDF.html","true"
"Newsletr","Newsletr License","https://spdx.org/licenses/Newsletr.html","true"
"NGPL","Nethack General Public License","https://spdx.org/licenses/NGPL.html","true"
"NICTA-1.0","NICTA Public Software License, Version 1.0","https://spdx.org/licenses/NICTA-1.0.html","true"
"NIST-PD","NIST Public Domain Notice","https://spdx.org/licenses/NIST-PD.html","true"
"NIST-PD-fallback","NIST Public Domain Notice with license fallback","https://spdx.org/licenses/NIST-PD-fallback.html","true"
"NIST-Software","NIST Software License","https://spdx.org/licenses/NIST-Software.html","true"
"NLOD-1.0","Norwegian Licence for Open Government Data (NLOD) 1.0","https://spdx.org/licenses/NLOD-1.0.html","true"
"NLOD-2.0","Norwegian Licence for Open Government Data (NLOD) 2.0","https://spdx.org/licenses/NLOD-2.0.html","true"
"NLPL","No Limit Public License","https://spdx.org/licenses/NLPL.html","true"
"Nokia","Nokia Open Source License","https://spdx.org/licenses/Nokia.html","true"
"NOSL","Netizen Open Source License","https://spdx.org/licenses/NOSL.html","true"
"Noweb","Noweb License","https://spdx.org/licenses/Noweb.html","true"
"NPL-1.0","Netscape Public License v1.0","https://spdx.org/licenses/NPL-1.0.html","true"
"NPL-1.1","Netscape Public License v1.1","https://spdx.org/licenses/NPL-1.1.html","true"
"NPOSL-3.0","Non-Profit Open Software License 3.0","https://spdx.org/licenses/NPOSL-3.0.html","true"
"NRL","NRL License","https://spdx.org/licenses/NRL.html","true"
"NTP","NTP License","https://spdx.org/licenses/NTP.html","true"
"NTP-0","NTP No Attribution","https://spdx.org/licenses/NTP-0.html","true"
"Nunit","Nunit License","https://spdx.org/licenses/Nunit.html","false"
"O-UDA-1.0","Open Use of Data Agreement v1.0","https://spdx.org/licenses/O-UDA-1.0.html","true"
"OCCT-PL","Open CASCADE Technology Public License","https://spdx.org/licenses/OCCT-PL.html","true"
"OCLC-2.0","OCLC Research Public License 2.0","https://spdx.org/licenses/OCLC-2.0.html","true"
"ODbL-1.0","Open Data Commons Open Database License v1.0","https://spdx.org/licenses/ODbL-1.0.html","true"
"ODC-By-1.0","Open Data Commons Attribution License v1.0","https://spdx.org/licenses/ODC-By-1.0.html","true"
"OFFIS","OFFIS License","https://spdx.org/licenses/OFFIS.html","true"
"OFL-1.0","SIL Open Font License 1.0","https://spdx.org/licenses/OFL-1.0.html","true"
"OFL-1.0-no-RFN","SIL Open Font License 1.0 with no Reserved Font Name","https://spdx.org/licenses/OFL-1.0-no-RFN.html","true"
"OFL-1.0-RFN","SIL Open Font License 1.0 with Reserved Font Name","https://spdx.org/licenses/OFL-1.0-RFN.html","true"
"OFL-1.1","SIL Open Font License 1.1","https://spdx.org/licenses/OFL-1.1.html","true"
"OFL-1.1-no-RFN","SIL Open Font License 1.1 with no Reserved Font Name","https://spdx.org/licenses/OFL-1.1-no-RFN.html","true"
"OFL-1.1-RFN","SIL Open Font License 1.1 with Reserved Font Name","https://spdx.org/licenses/OFL-1.1-RFN.html","true"
"OGC-1.0","OGC Software License, Version 1.0","https://spdx.org/licenses/OGC-1.0.html","true"
"OGDL-Taiwan-1.0","Taiwan Open Government Data License, version 1.0","https://spdx.org/licenses/OGDL-Taiwan-1.0.html","true"
"OGL-Canada-2.0","Open Government Licence - Canada","https://spdx.org/licenses/OGL-Canada-2.0.html","true"
"OGL-UK-1.0","Open Government Licence v1.0","https://spdx.org/licenses/OGL-UK-1.0.html","true"
"OGL-UK-2.0","Open Government Licence v2.0","https://spdx.org/licenses/OGL-UK-2.0.html","true"
"OGL-UK-3.0","Open Government Licence v3.0","https://spdx.org/licenses/OGL-UK-3.0.html","true"
"OGTSL","Open Group Test Suite License","https://spdx.org/licenses/OGTSL.html","true"
"OLDAP-1.1","Open LDAP Public License v1.1","https://spdx.org/licenses/OLDAP-1.1.html","true"
"OLDAP-1.2","Open LDAP Public License v1.2","https://spdx.org/licenses/OLDAP-1.2.html","true"
"OLDAP-1.3","Open LDAP Public License v1.3","https://spdx.org/licenses/OLDAP-1.3.html","true"
"OLDAP-1.4","Open LDAP Public License v1.4","https://spdx.org/licenses/OLDAP-1.4.html","true"
"OLDAP-2.0","Open LDAP Public License v2.0 (or possibly 2.0A and 2.0B)","https://spdx.org/licenses/OLDAP-2.0.html","true"
"OLDAP-2.0.1","Open LDAP Public License v2.0.1","https://spdx.org/licenses/OLDAP-2.0.1.html","true"
"OLDAP-2.1","Open LDAP Public License v2.1","https://spdx.org/licenses/OLDAP-2.1.html","true"
"OLDAP-2.2","Open LDAP Public License v2.2","https://spdx.org/licenses/OLDAP-2.2.html","true"
"OLDAP-2.2.1","Open LDAP Public License v2.2.1","https://spdx.org/licenses/OLDAP-2.2.1.html","true"
"OLDAP-2.2.2","Open LDAP Public License 2.2.2","https://spdx.org/licenses/OLDAP-2.2.2.html","true"
"OLDAP-2.3","Open LDAP Public License v2.3","https://spdx.org/licenses/OLDAP-2.3.html","true"
"OLDAP-2.4","Open LDAP Public License v2.4","https://spdx.org/licenses/OLDAP-2.4.html","true"
"OLDAP-2.5","Open LDAP Public License v2.5","https://spdx.org/licenses/OLDAP-2.5.html","true"
"OLDAP-2.6","Open LDAP Public License v2.6","https://spdx.org/licenses/OLDAP-2.6.html","true"
"OLDAP-2.7","Open LDAP Public License v2.7","https://spdx.org/licenses/OLDAP-2.7.html","true"
"OLDAP-2.8","Open LDAP Public License v2.8","https://spdx.org/licenses/OLDAP-2.8.html","true"
"OLFL-1.3","Open Logistics Foundation License Version 1.3","https://spdx.org/licenses/OLFL-1.3.html","true"
"OML","Open Market License","https://spdx.org/licenses/OML.html","true"
"OpenPBS-2.3","OpenPBS v2.3 Software License","https://spdx.org/licenses/OpenPBS-2.3.html","true"
"OpenSSL","OpenSSL License","https://spdx.org/licenses/OpenSSL.html","true"
"OPL-1.0","Open Public License v1.0","https://spdx.org/licenses/OPL-1.0.html","true"
"OPL-UK-3.0","United    Kingdom Open Parliament Licence v3.0","https://spdx.org/licenses/OPL-UK-3.0.html","true"
"OPUBL-1.0","Open Publication License v1.0","https://spdx.org/licenses/OPUBL-1.0.html","true"
"OSET-PL-2.1","OSET Public License version 2.1","https://spdx.org/licenses/OSET-PL-2.1.html","true"
"OSL-1.0","Open Software License 1.0","https://spdx.org/licenses/OSL-1.0.html","true"
"OSL-1.1","Open Software License 1.1","https://spdx.org/licenses/OSL-1.1.html","true"
"OSL-2.0","Open Software License 2.0","https://spdx.org/licenses/OSL-2.0.html","true"
"OSL-2.1","Open Software License 2.1","https://spdx.org/licenses/OSL-2.1.html","true"
"OSL-3.0","Open Software License 3.0","https://spdx.org/licenses/OSL-3.0.html","true"
"Parity-6.0.0","The Parity Public License 6.0.0","https://spdx.org/licenses/Parity-6.0.0.html","true"
"Parity-7.0.0","The Parity Public License 7.0.0","https://spdx.org/licenses/Parity-7.0.0.html","true"
"PDDL-1.0","Open Data Commons Public Domain Dedication & License 1.0","https://spdx.org/licenses/PDDL-1.0.html","true"
"PHP-3.0","PHP License v3.0","https://spdx.org/licenses/PHP-3.0.html","true"
"PHP-3.01","PHP License v3.01","https://spdx.org/licenses/PHP-3.01.html","true"
"Plexus","Plexus Classworlds License","https://spdx.org/licenses/Plexus.html","true"
"PolyForm-Noncommercial-1.0.0","PolyForm Noncommercial License 1.0.0","https://spdx.org/licenses/PolyForm-Noncommercial-1.0.0.html","true"
"PolyForm-Small-Business-1.0.0","PolyForm Small Business License 1.0.0","https://spdx.org/licenses/PolyForm-Small-Business-1.0.0.html","true"
"PostgreSQL","PostgreSQL License","https://spdx.org/licenses/PostgreSQL.html","true"
"PSF-2.0","Python Software Foundation License 2.0","https://spdx.org/licenses/PSF-2.0.html","true"
"psfrag","psfrag License","https://spdx.org/licenses/psfrag.html","true"
"psutils","psutils License","https://spdx.org/licenses/psutils.html","true"
"Python-2.0","Python License 2.0","https://spdx.org/licenses/Python-2.0.html","true"
"Python-2.0.1","Python License 2.0.1","https://spdx.org/licenses/Python-2.0.1.html","true"
"Qhull","Qhull License","https://spdx.org/licenses/Qhull.html","true"
"QPL-1.0","Q Public License 1.0","https://spdx.org/licenses/QPL-1.0.html","true"
"QPL-1.0-INRIA-2004","Q Public License 1.0 - INRIA 2004 variant","https://spdx.org/licenses/QPL-1.0-INRIA-2004.html","true"
"Rdisc","Rdisc License","https://spdx.org/licenses/Rdisc.html","true"
"RHeCos-1.1","Red Hat eCos Public License v1.1","https://spdx.org/licenses/RHeCos-1.1.html","true"
"RPL-1.1","Reciprocal Public License 1.1","https://spdx.org/licenses/RPL-1.1.html","true"
"RPL-1.5","Reciprocal Public License 1.5","https://spdx.org/licenses/RPL-1.5.html","true"
"RPSL-1.0","RealNetworks Public Source License v1.0","https://spdx.org/licenses/RPSL-1.0.html","true"
"RSA-MD","RSA Message-Digest License","https://spdx.org/licenses/RSA-MD.html","true"
"RSCPL","Ricoh Source Code Public License","https://spdx.org/licenses/RSCPL.html","true"
"Ruby","Ruby License","https://spdx.org/licenses/Ruby.html","true"
"SANE-exception","SANE Exception","https://spdx.org/licenses/SANE-exception.html","true"
"SAX-PD","Sax Public Domain Notice","https://spdx.org/licenses/SAX-PD.html","true"
"Saxpath","Saxpath License","https://spdx.org/licenses/Saxpath.html","true"
"SCEA","SCEA Shared Source License","https://spdx.org/licenses/SCEA.html","true"
"SchemeReport","Scheme Language Report License","https://spdx.org/licenses/SchemeReport.html","true"
"Sendmail","Sendmail License","https://spdx.org/licenses/Sendmail.html","true"
"Sendmail-8.23","Sendmail License 8.23","https://spdx.org/licenses/Sendmail-8.23.html","true"
"SGI-B-1.0","SGI Free Software License B v1.0","https://spdx.org/licenses/SGI-B-1.0.html","true"
"SGI-B-1.1","SGI Free Software License B v1.1","https://spdx.org/licenses/SGI-B-1.1.html","true"
"SGI-B-2.0","SGI Free Software License B v2.0","https://spdx.org/licenses/SGI-B-2.0.html","true"
"SGP4","SGP4 Permission Notice","https://spdx.org/licenses/SGP4.html","true"
"SHL-0.5","Solderpad Hardware License v0.5","https://spdx.org/licenses/SHL-0.5.html","true"
"SHL-0.51","Solderpad Hardware License, Version 0.51","https://spdx.org/licenses/SHL-0.51.html","true"
"SimPL-2.0","Simple Public License 2.0","https://spdx.org/licenses/SimPL-2.0.html","true"
"SISSL","Sun Industry Standards Source License v1.1","https://spdx.org/licenses/SISSL.html","true"
"SISSL-1.2","Sun Industry Standards Source License v1.2","https://spdx.org/licenses/SISSL-1.2.html","true"
"SL","SL License","https://spdx.org/licenses/SL.html","true"
"Sleepycat","Sleepycat License","https://spdx.org/licenses/Sleepycat.html","true"
"SMLNJ","Standard ML of New Jersey License","https://spdx.org/licenses/SMLNJ.html","true"
"SMPPL","Secure Messaging Protocol Public License","https://spdx.org/licenses/SMPPL.html","true"
"SNIA","SNIA Public License 1.1","https://spdx.org/licenses/SNIA.html","true"
"snprintf","snprintf License","https://spdx.org/licenses/snprintf.html","true"
"Soundex","Soundex License","https://spdx.org/licenses/Soundex.html","true"
"Spencer-86","Spencer License 86","https://spdx.org/licenses/Spencer-86.html","true"
"Spencer-94","Spencer License 94","https://spdx.org/licenses/Spencer-94.html","true"
"Spencer-99","Spencer License 99","https://spdx.org/licenses/Spencer-99.html","true"
"SPL-1.0","Sun Public License v1.0","https://spdx.org/licenses/SPL-1.0.html","true"
"SSH-OpenSSH","SSH OpenSSH license","https://spdx.org/licenses/SSH-OpenSSH.html","true"
"SSH-short","SSH short notice","https://spdx.org/licenses/SSH-short.html","true"
"SSPL-1.0","Server Side Public License, v 1","https://spdx.org/licenses/SSPL-1.0.html","true"
"StandardML-NJ","Standard ML of New Jersey License","https://spdx.org/licenses/StandardML-NJ.html","false"
"stunnel-exception","stunnel Exception","https://spdx.org/licenses/stunnel-exception.html","true"
"SugarCRM-1.1.3","SugarCRM Public License v1.1.3","https://spdx.org/licenses/SugarCRM-1.1.3.html","true"
"SunPro","SunPro License","https://spdx.org/licenses/SunPro.html","true"
"SWL","Scheme Widget Library (SWL) Software License Agreement","https://spdx.org/licenses/SWL.html","true"
"Symlinks","Symlinks License","https://spdx.org/licenses/Symlinks.html","true"
"TAPR-OHL-1.0","TAPR Open Hardware License v1.0","https://spdx.org/licenses/TAPR-OHL-1.0.html","true"
"TCL","TCL/TK License","https://spdx.org/licenses/TCL.html","true"
"TCP-wrappers","TCP Wrappers License","https://spdx.org/licenses/TCP-wrappers.html","true"
"TermReadKey","TermReadKey License","https://spdx.org/licenses/TermReadKey.html","true"
"Texinfo-exception","Texinfo exception","https://spdx.org/licenses/Texinfo-exception.html","true"
"TMate","TMate Open Source License","https://spdx.org/licenses/TMate.html","true"
"TORQUE-1.1","TORQUE v2.5+ Software License v1.1","https://spdx.org/licenses/TORQUE-1.1.html","true"
"TOSL","Trusster Open Source License","https://spdx.org/licenses/TOSL.html","true"
"TPDL","Time::ParseDate License","https://spdx.org/licenses/TPDL.html","true"
"TPL-1.0","THOR Public License 1.0","https://spdx.org/licenses/TPL-1.0.html","true"
"TTWL","Text-Tabs+Wrap License","https://spdx.org/licenses/TTWL.html","true"
"TTYP0","TTYP0 License","https://spdx.org/licenses/TTYP0.html","true"
"TU-Berlin-1.0","Technische Universitaet Berlin License 1.0","https://spdx.org/licenses/TU-Berlin-1.0.html","true"
"TU-Berlin-2.0","Technische Universitaet Berlin License 2.0","https://spdx.org/licenses/TU-Berlin-2.0.html","true"
"UCAR","UCAR License","https://spdx.org/licenses/UCAR.html","true"
"UCL-1.0","Upstream Compatibility License v1.0","https://spdx.org/licenses/UCL-1.0.html","true"
"Unicode-DFS-2015","Unicode License Agreement - Data Files and Software (2015)","https://spdx.org/licenses/Unicode-DFS-2015.html","true"
"Unicode-DFS-2016","Unicode License Agreement - Data Files and Software (2016)","https://spdx.org/licenses/Unicode-DFS-2016.html","true"
"Unicode-TOU","Unicode Terms of Use","https://spdx.org/licenses/Unicode-TOU.html","true"
"UnixCrypt","UnixCrypt License","https://spdx.org/licenses/UnixCrypt.html","true"
"Unlicense","The Unlicense","https://spdx.org/licenses/Unlicense.html","true"
"UPL-1.0","Universal Permissive License v1.0","https://spdx.org/licenses/UPL-1.0.html","true"
"URT-RLE","Utah Raster Toolkit Run Length Encoded License","https://spdx.org/licenses/URT-RLE.html","true"
"Vim","Vim License","https://spdx.org/licenses/Vim.html","true"
"VOSTROM","VOSTROM Public License for Open Source","https://spdx.org/licenses/VOSTROM.html","true"
"VSL-1.0","Vovida Software License v1.0","https://spdx.org/licenses/VSL-1.0.html","true"
"W3C","W3C Software Notice and License (2002-12-31)","https://spdx.org/licenses/W3C.html","true"
"W3C-19980720","W3C Software Notice and License (1998-07-20)","https://spdx.org/licenses/W3C-19980720.html","true"
"W3C-20150513","W3C Software Notice and Document License (2015-05-13)","https://spdx.org/licenses/W3C-20150513.html","true"
"w3m","w3m License","https://spdx.org/licenses/w3m.html","true"
"Watcom-1.0","Sybase Open Watcom Public License 1.0","https://spdx.org/licenses/Watcom-1.0.html","true"
"Widget-Workshop","Widget Workshop License","https://spdx.org/licenses/Widget-Workshop.html","true"
"Wsuipa","Wsuipa License","https://spdx.org/licenses/Wsuipa.html","true"
"WTFPL","Do What The F*ck You Want To Public License","https://spdx.org/licenses/WTFPL.html","true"
"wxWindows","wxWindows Library License","https://spdx.org/licenses/wxWindows.html","false"
"X11","X11 License","https://spdx.org/licenses/X11.html","true"
"X11-distribute-modifications-variant","X11 License Distribution Modification Variant","https://spdx.org/licenses/X11-distribute-modifications-variant.html","true"
"Xdebug-1.03","Xdebug License v 1.03","https://spdx.org/licenses/Xdebug-1.03.html","true"
"Xerox","Xerox License","https://spdx.org/licenses/Xerox.html","true"
"Xfig","Xfig License","https://spdx.org/licenses/Xfig.html","true"
"XFree86-1.1","XFree86 License 1.1","https://spdx.org/licenses/XFree86-1.1.html","true"
"xinetd","xinetd License","https://spdx.org/licenses/xinetd.html","true"
"xlock","xlock License","https://spdx.org/licenses/xlock.html","true"
"Xnet","X.Net License","https://spdx.org/licenses/Xnet.html","true"
"xpp","XPP License","https://spdx.org/licenses/xpp.html","true"
"XSkat","XSkat License","https://spdx.org/licenses/XSkat.html","true"
"YPL-1.0","Yahoo! Public License v1.0","https://spdx.org/licenses/YPL-1.0.html","true"
"YPL-1.1","Yahoo! Public License v1.1","https://spdx.org/licenses/YPL-1.1.html","true"
"Zed","Zed License","https://spdx.org/licenses/Zed.html","true"
"Zeeff","Zeeff License","https://spdx.org/licenses/Zeeff.html","true"
"Zend-2.0","Zend License v2.0","https://spdx.org/licenses/Zend-2.0.html","true"
"Zimbra-1.3","Zimbra Public License v1.3","https://spdx.org/licenses/Zimbra-1.3.html","true"
"Zimbra-1.4","Zimbra Public License v1.4","https://spdx.org/licenses/Zimbra-1.4.html","true"
"Zlib","zlib License","https://spdx.org/licenses/Zlib.html","true"
"zlib-acknowledgement","zlib/libpng License with Acknowledgement","https://spdx.org/licenses/zlib-acknowledgement.html","true"
"ZPL-1.1","Zope Public License 1.1","https://spdx.org/licenses/ZPL-1.1.html","true"
"ZPL-2.0","Zope Public License 2.0","https://spdx.org/licenses/ZPL-2.0.html","true"
"ZPL-2.1","Zope Public License 2.1","https://spdx.org/licenses/ZPL-2.1.html","true"
